C-grp-01-HolleList-01_28382_assignsubmission_file/NIAS 1905/Nias 1905_1-514_2101541096/Nias-sfm.txt
C-grp-01-HolleList-01_28382_assignsubmission_file/NIAS 1905/Nias 1905_1032-1546_2101541098/Nias-sfm.txt
C-grp-01-HolleList-01_28382_assignsubmission_file/NIAS 1905/Nias 1905_516-1031_2101541090/Nias-sfm.txt
C-grp-01-HolleList-01_28382_assignsubmission_file/NIAS 1905/Nias 1905-notes.xlsx
C-grp-02-HolleList-01_28383_assignsubmission_file/NIAS_1911/~$NIAS_1911_NOTE.xlsx
C-grp-02-HolleList-01_28383_assignsubmission_file/NIAS_1911/Ade Galuh_080_Holelist_Wesay/Ade Galuh Cahya Dewani_Nias_1911-sfm.txt
C-grp-02-HolleList-01_28383_assignsubmission_file/NIAS_1911/Mary Deliana_100_Holelist_Wesay/Mary Deliana Esther Dabukke_Nias_1911-sfm.txt
C-grp-02-HolleList-01_28383_assignsubmission_file/NIAS_1911/Natasya R._092_Holelist_Wesay/Natasya R. Ellena_Nias_1911-sfm.txt
C-grp-02-HolleList-01_28383_assignsubmission_file/NIAS_1911/NIAS_1911_NOTE.xlsx
C-grp-03-HolleList-01_28384_assignsubmission_file/SALANG_AND_SIGULE/C03_NOTES.xlsx
C-grp-03-HolleList-01_28384_assignsubmission_file/SALANG_AND_SIGULE/WeSay Folder (SALANG_AND_SIGULE_2101541072) Kadek Gilang Ramawan/(SALANG_AND_SIGULE_2101541072) Kadek Gilang Ramawan.txt
C-grp-03-HolleList-01_28384_assignsubmission_file/SALANG_AND_SIGULE/WeSay Folder (SALANG_AND_SIGULE_2101541087) I Gusti Ayu Mirah Mahasari/(SALANG_AND_SIGULE_2101541087) I Gusti Ayu Mirah Mahasari.txt
C-grp-03-HolleList-01_28384_assignsubmission_file/SALANG_AND_SIGULE/WeSay Folder (SALANG_AND_SIGULE_2101541094) I Pande Putu Kenzie Arvan Nismara/(SALANG_AND_SIGULE_2101541094) I Pande Putu Kenzie Arvan Nismara.txt
C-grp-04-HolleList-01_28385_assignsubmission_file/Mentawai/Mentawai_2101541078/Mentawai_Pagai_Sipora-sfm.txt
C-grp-04-HolleList-01_28385_assignsubmission_file/Mentawai/Mentawai_2101541091/Mentawai_Pagai_Sipora.xlsx
C-grp-04-HolleList-01_28385_assignsubmission_file/Mentawai/Mentawai_2101541097/Mentawai_Pagai_Sipora-sfm.txt
C-grp-04-HolleList-01_28385_assignsubmission_file/Mentawai/Mentawai-notes-and-additional data.xlsx
C-grp-05-HolleList-01_28386_assignsubmission_file/SEUMALUR/Seumalur_2101541083/Seumalur.xlsx
C-grp-05-HolleList-01_28386_assignsubmission_file/SEUMALUR/Seumalur_2101541088/Seumalur-sfm.txt
C-grp-05-HolleList-01_28386_assignsubmission_file/SEUMALUR/Seumalur_2101541089/Seumalur-sfm.txt
C-grp-05-HolleList-01_28386_assignsubmission_file/SEUMALUR/Seumalur_2101541095/Seumalur.xlsx
C-grp-05-HolleList-01_28386_assignsubmission_file/SEUMALUR/SEUMALUR-notes-and-additional-data.xlsx
C-grp-06-HolleList-01_28387_assignsubmission_file/C6_SIGULEI AND SALANG/C6_ADDITIONAL DATA_NOTES.xlsx
C-grp-06-HolleList-01_28387_assignsubmission_file/C6_SIGULEI AND SALANG/Sigulei and Salang_2101541084_Arya Prawira Kusuma/2101541084-Sigule_Salang-sfm.txt
C-grp-06-HolleList-01_28387_assignsubmission_file/C6_SIGULEI AND SALANG/Sigulei and Salang_2101541085_Nicholas Putra Nugraha/2101541085-Sigule_Salang-sfm.txt
C-grp-06-HolleList-01_28387_assignsubmission_file/C6_SIGULEI AND SALANG/Sigulei and Salang_2101541086_I Putu Eda Wikanda/2101541086-Sigule_Salang-sfm.txt
D-grp-01-HolleList-01_28388_assignsubmission_file/Batak Toba_Group 3_Lecixoclogy D/Batak Toba (Handling Notes).xlsx
D-grp-01-HolleList-01_28388_assignsubmission_file/Batak Toba_Group 3_Lecixoclogy D/Batak Toba_2101541108_Putra Danan Jaya/Batak Toba-sfm.txt
D-grp-01-HolleList-01_28388_assignsubmission_file/Batak Toba_Group 3_Lecixoclogy D/Batak Toba_2101541115_I Gede Arya Natha Reswara/Batak Toba_Sipoholon-sfm.txt
D-grp-01-HolleList-01_28388_assignsubmission_file/Batak Toba_Group 3_Lecixoclogy D/Batak Toba_2101541125_Putu Marvitta Adira Prastiwi/Batak Toba-sfm.txt
D-grp-02-HolleList-01_28389_assignsubmission_file/Toba Batak_Group D02_Lexicology/Toba Batak_ 1-620_Refina Mile Adhelia_2101541112/Toba Batak-sfm refina.txt
D-grp-02-HolleList-01_28389_assignsubmission_file/Toba Batak_Group D02_Lexicology/Toba Batak_1159-1521_Michelle Roan Widiyono_2101541122/Batak Toba-sfm michelle.txt
D-grp-02-HolleList-01_28389_assignsubmission_file/Toba Batak_Group D02_Lexicology/Toba Batak_621-1158_Sheila Nuraini_2101541114/(Toba Batak_2101541114) Sheila.txt
D-grp-02-HolleList-01_28389_assignsubmission_file/Toba Batak_Group D02_Lexicology/Toba Batak_Notes_Group D02.xlsx
D-grp-03-HolleList-01_28390_assignsubmission_file/D3_Batak Mandailing/Batak Mandailing_2101541109_Putu Asirini/Batak Mandailing-sfm.txt
D-grp-03-HolleList-01_28390_assignsubmission_file/D3_Batak Mandailing/Batak Mandailling_2101541106_Kadek Icha Sesilia/Batak Mandailing 1-400-sfm.txt
D-grp-03-HolleList-01_28390_assignsubmission_file/D3_Batak Mandailing/Batak Mandailling_2101651118_Ni Kadek Dian Ayu Purnami/Batak Mandailing 801-1200-sfm.txt
D-grp-03-HolleList-01_28390_assignsubmission_file/D3_Batak Mandailing/Batak-mandailing Notes.xlsx
files_list.txt
LICENSE.txt
notes.txt
